protocol,length,src_ip,dst_ip,src_port,dst_port
TLS,97,17.253.57.199,172.20.10.6,443,58369
TLS,248,172.20.10.6,17.253.57.199,58369,443
TLS,519,185.60.218.53,172.20.10.6,443,58368
TCP,66,172.20.10.6,185.60.218.53,58368,443
TLS,105,172.20.10.6,185.60.218.53,58368,443
TLS,90,172.20.10.6,185.60.218.53,58368,443
TCP,66,172.20.10.6,185.60.218.53,58368,443
TCP,66,17.253.57.199,172.20.10.6,443,58369
TCP,78,185.60.218.53,172.20.10.6,443,58368
TCP,78,185.60.218.53,172.20.10.6,443,58368
TLS,117,185.60.218.53,172.20.10.6,443,58368
TCP,54,172.20.10.6,185.60.218.53,58368,443
TCP,66,185.60.218.53,172.20.10.6,443,58368
TLS,90,185.60.218.53,172.20.10.6,443,58368
TCP,66,185.60.218.53,172.20.10.6,443,58368
TCP,54,172.20.10.6,185.60.218.53,58368,443
TCP,54,172.20.10.6,185.60.218.53,58368,443
TCP,66,185.60.218.53,172.20.10.6,443,58368
TCP,54,172.20.10.6,185.60.218.53,58368,443
TLS,616,17.253.57.199,172.20.10.6,443,58369
TCP,66,172.20.10.6,17.253.57.199,58369,443
TCP,129,185.60.218.53,172.20.10.6,443,58368
TCP,54,172.20.10.6,185.60.218.53,58368,443
DATA,1288,172.20.10.6,172.217.171.174,57878,443
DATA,302,172.20.10.6,172.217.171.174,57878,443
DATA,69,172.217.171.174,172.20.10.6,443,57878
DATA,74,172.20.10.6,172.217.171.174,57878,443
DATA,714,172.217.171.174,172.20.10.6,443,57878
DATA,208,172.217.171.174,172.20.10.6,443,57878
DATA,77,172.20.10.6,172.217.171.174,57878,443
DATA,66,172.217.171.174,172.20.10.6,443,57878
TLS,90,172.64.148.235,172.20.10.6,443,49479
TCP,66,172.20.10.6,172.64.148.235,49479,443
TLS,94,172.20.10.6,172.64.148.235,49479,443
TCP,66,172.64.148.235,172.20.10.6,443,49479
TCP,54,172.20.10.6,192.178.25.170,49475,443
TCP,66,192.178.25.170,172.20.10.6,443,49475
TLS,151,142.251.38.202,172.20.10.6,443,49474
TCP,151,142.251.38.202,172.20.10.6,443,49474
TCP,78,172.20.10.6,142.251.38.202,49474,443
TLS,101,172.20.10.6,142.251.38.202,49474,443
TLS,101,172.20.10.6,142.251.38.202,49474,443
TCP,66,142.251.38.202,172.20.10.6,443,49474
TCP,66,142.251.38.202,172.20.10.6,443,49474
DATA,83,172.20.10.6,172.224.38.131,59741,443
DATA,73,172.224.38.131,172.20.10.6,443,59741
DATA,81,17.248.209.62,172.20.10.6,443,58456
TLS,90,17.253.57.205,172.20.10.6,443,58334
TCP,66,17.253.57.205,172.20.10.6,443,58334
TCP,66,172.20.10.6,17.253.57.205,58334,443
TLS,90,172.20.10.6,17.253.57.205,58334,443
TCP,66,172.20.10.6,17.253.57.205,58334,443
TCP,54,17.253.57.205,172.20.10.6,443,58334
TCP,54,17.253.57.205,172.20.10.6,443,58334
DNS,74,172.20.10.6,172.20.10.1,59351,53
DNS,74,172.20.10.6,172.20.10.1,61434,53
DNS,119,172.20.10.1,172.20.10.6,53,61434
TCP,78,172.20.10.6,17.171.47.23,58370,443
DNS,157,172.20.10.1,172.20.10.6,53,59351
TCP,74,17.171.47.23,172.20.10.6,443,58370
TCP,66,172.20.10.6,17.171.47.23,58370,443
TLS,1464,172.20.10.6,17.171.47.23,58370,443
TLS,202,172.20.10.6,17.171.47.23,58370,443
TCP,66,17.171.47.23,172.20.10.6,443,58370
TCP,66,17.171.47.23,172.20.10.6,443,58370
TLS,1464,17.171.47.23,172.20.10.6,443,58370
TCP,1464,17.171.47.23,172.20.10.6,443,58370
TCP,66,172.20.10.6,17.171.47.23,58370,443
TCP,1366,17.171.47.23,172.20.10.6,443,58370
TCP,1464,17.171.47.23,172.20.10.6,443,58370
TCP,1464,17.171.47.23,172.20.10.6,443,58370
TLS,776,17.171.47.23,172.20.10.6,443,58370
TCP,66,172.20.10.6,17.171.47.23,58370,443
TCP,66,172.20.10.6,17.171.47.23,58370,443
TLS,146,172.20.10.6,17.171.47.23,58370,443
TLS,556,172.20.10.6,17.171.47.23,58370,443
TLS,1464,172.20.10.6,17.171.47.23,58370,443
TLS,557,172.20.10.6,17.171.47.23,58370,443
TLS,369,17.171.47.23,172.20.10.6,443,58370
TLS,369,17.171.47.23,172.20.10.6,443,58370
TCP,66,172.20.10.6,17.171.47.23,58370,443
TCP,66,17.171.47.23,172.20.10.6,443,58370
TLS,1464,17.171.47.23,172.20.10.6,443,58370
TCP,1464,17.171.47.23,172.20.10.6,443,58370
TCP,66,172.20.10.6,17.171.47.23,58370,443
TCP,1464,17.171.47.23,172.20.10.6,443,58370
TCP,1464,17.171.47.23,172.20.10.6,443,58370
TCP,1464,17.171.47.23,172.20.10.6,443,58370
TCP,66,172.20.10.6,17.171.47.23,58370,443
TCP,66,172.20.10.6,17.171.47.23,58370,443
TCP,1464,17.171.47.23,172.20.10.6,443,58370
TCP,1464,17.171.47.23,172.20.10.6,443,58370
TCP,66,172.20.10.6,17.171.47.23,58370,443
TCP,1464,17.171.47.23,172.20.10.6,443,58370
TCP,1464,17.171.47.23,172.20.10.6,443,58370
TCP,1464,17.171.47.23,172.20.10.6,443,58370
TCP,66,172.20.10.6,17.171.47.23,58370,443
TCP,66,172.20.10.6,17.171.47.23,58370,443
TCP,1464,17.171.47.23,172.20.10.6,443,58370
TLS,1464,17.171.47.23,172.20.10.6,443,58370
TCP,66,172.20.10.6,17.171.47.23,58370,443
TCP,1464,17.171.47.23,172.20.10.6,443,58370
TCP,1464,17.171.47.23,172.20.10.6,443,58370
TCP,66,172.20.10.6,17.171.47.23,58370,443
TCP,1464,17.171.47.23,172.20.10.6,443,58370
TCP,1464,17.171.47.23,172.20.10.6,443,58370
TCP,1464,17.171.47.23,172.20.10.6,443,58370
TCP,66,172.20.10.6,17.171.47.23,58370,443
TCP,66,172.20.10.6,17.171.47.23,58370,443
TLS,1264,17.171.47.23,172.20.10.6,443,58370
TCP,66,172.20.10.6,17.171.47.23,58370,443
TLS,156,172.20.10.6,172.64.148.235,49479,443
TCP,66,172.64.148.235,172.20.10.6,443,49479
TLS,146,172.64.148.235,172.20.10.6,443,49479
TCP,66,172.20.10.6,172.64.148.235,49479,443
TLS,1454,172.20.10.6,172.64.155.209,49452,443
TCP,1454,172.20.10.6,172.64.155.209,49452,443
TCP,1454,172.20.10.6,172.64.155.209,49452,443
TCP,1454,172.20.10.6,172.64.155.209,49452,443
TLS,445,172.20.10.6,172.64.155.209,49452,443
TLS,1149,172.20.10.6,172.64.155.209,49452,443
TCP,66,172.64.155.209,172.20.10.6,443,49452
TCP,66,172.64.155.209,172.20.10.6,443,49452
TCP,66,172.64.155.209,172.20.10.6,443,49452
TCP,66,172.64.155.209,172.20.10.6,443,49452
TCP,66,172.64.155.209,172.20.10.6,443,49452
TCP,66,172.64.155.209,172.20.10.6,443,49452
TLS,404,172.64.155.209,172.20.10.6,443,49452
TLS,113,172.64.155.209,172.20.10.6,443,49452
TCP,66,172.20.10.6,172.64.155.209,49452,443
TLS,97,172.64.155.209,172.20.10.6,443,49452
TCP,66,172.20.10.6,172.64.155.209,49452,443
TLS,101,172.20.10.6,172.64.155.209,49452,443
TCP,66,172.64.155.209,172.20.10.6,443,49452
TCP,54,172.20.10.1,172.20.10.6,62191,49450
TLS,91,20.215.185.179,172.20.10.6,443,49465
TCP,66,172.20.10.6,172.20.10.1,49450,62191
TCP,66,172.20.10.6,20.215.185.179,49465,443
TLS,95,172.20.10.6,20.215.185.179,49465,443
TCP,66,20.215.185.179,172.20.10.6,443,49465
DATA,1224,172.20.10.6,172.217.171.174,57878,443
DATA,1224,172.20.10.6,172.217.171.174,57878,443
DATA,70,172.217.171.174,172.20.10.6,443,57878
DATA,715,172.217.171.174,172.20.10.6,443,57878
DATA,77,172.20.10.6,172.217.171.174,57878,443
DATA,162,172.217.171.174,172.20.10.6,443,57878
DATA,67,172.217.171.174,172.20.10.6,443,57878
DATA,65,172.217.171.174,172.20.10.6,443,57878
DATA,73,172.20.10.6,172.217.171.174,57878,443
TCP,54,172.20.10.6,172.217.23.42,49472,443
TCP,66,172.217.23.42,172.20.10.6,443,49472
TLS,151,142.251.38.202,172.20.10.6,443,49474
TCP,66,172.20.10.6,142.251.38.202,49474,443
TLS,101,172.20.10.6,142.251.38.202,49474,443
TLS,101,172.20.10.6,142.251.38.202,49474,443
TCP,66,142.251.38.202,172.20.10.6,443,49474
TCP,66,142.251.38.202,172.20.10.6,443,49474
TCP,54,172.20.10.6,142.251.140.67,49477,443
TCP,66,142.251.140.67,172.20.10.6,443,49477
TCP,54,172.20.10.6,44.213.197.16,49482,443
TCP,66,44.213.197.16,172.20.10.6,443,49482
TCP,54,172.20.10.6,172.217.17.78,49456,443
TCP,66,172.217.17.78,172.20.10.6,443,49456
TCP,54,172.20.10.6,142.251.150.119,49469,443
TLS,151,142.251.38.202,172.20.10.6,443,49474
TCP,66,172.20.10.6,142.251.38.202,49474,443
TLS,101,172.20.10.6,142.251.38.202,49474,443
TLS,101,172.20.10.6,142.251.38.202,49474,443
TCP,66,142.251.150.119,172.20.10.6,443,49469
TCP,66,142.251.38.202,172.20.10.6,443,49474
TCP,66,142.251.38.202,172.20.10.6,443,49474
TCP,54,172.20.10.6,142.251.38.202,49473,443
TCP,66,142.251.38.202,172.20.10.6,443,49473
ICMPV6,134,,,,
TLS,1454,172.20.10.6,172.64.155.209,49452,443
TCP,1454,172.20.10.6,172.64.155.209,49452,443
TCP,1454,172.20.10.6,172.64.155.209,49452,443
TCP,1454,172.20.10.6,172.64.155.209,49452,443
TLS,640,172.20.10.6,172.64.155.209,49452,443
TLS,105,172.20.10.6,172.64.155.209,49452,443
TLS,1454,172.20.10.6,172.64.155.209,49452,443
TLS,1216,172.20.10.6,172.64.155.209,49452,443
TCP,66,172.64.155.209,172.20.10.6,443,49452
TCP,66,172.64.155.209,172.20.10.6,443,49452
TCP,66,172.64.155.209,172.20.10.6,443,49452
TCP,66,172.64.155.209,172.20.10.6,443,49452
TCP,66,172.64.155.209,172.20.10.6,443,49452
TCP,66,172.64.155.209,172.20.10.6,443,49452
TCP,66,172.64.155.209,172.20.10.6,443,49452
TLS,105,172.64.155.209,172.20.10.6,443,49452
TCP,66,172.20.10.6,172.64.155.209,49452,443
TCP,66,172.64.155.209,172.20.10.6,443,49452
TLS,571,172.64.155.209,172.20.10.6,443,49452
TLS,113,172.64.155.209,172.20.10.6,443,49452
TCP,66,172.20.10.6,172.64.155.209,49452,443
TLS,97,172.64.155.209,172.20.10.6,443,49452
TCP,66,172.20.10.6,172.64.155.209,49452,443
TLS,101,172.20.10.6,172.64.155.209,49452,443
TCP,66,172.64.155.209,172.20.10.6,443,49452
TLS,167,142.250.203.142,172.20.10.6,443,49466
TCP,66,172.20.10.6,142.250.203.142,49466,443
TLS,101,172.20.10.6,142.250.203.142,49466,443
TLS,101,172.20.10.6,142.250.203.142,49466,443
TCP,66,142.250.203.142,172.20.10.6,443,49466
TCP,66,142.250.203.142,172.20.10.6,443,49466
TLS,1454,172.20.10.6,172.64.155.209,49452,443
TCP,1454,172.20.10.6,172.64.155.209,49452,443
TCP,1454,172.20.10.6,172.64.155.209,49452,443
TCP,1454,172.20.10.6,172.64.155.209,49452,443
TLS,624,172.20.10.6,172.64.155.209,49452,443
TLS,1454,172.20.10.6,172.64.155.209,49452,443
TCP,1454,172.20.10.6,172.64.155.209,49452,443
TLS,1080,172.20.10.6,172.64.155.209,49452,443
TCP,66,172.64.155.209,172.20.10.6,443,49452
TCP,66,172.64.155.209,172.20.10.6,443,49452
TCP,66,172.64.155.209,172.20.10.6,443,49452
TCP,66,172.64.155.209,172.20.10.6,443,49452
TCP,66,172.64.155.209,172.20.10.6,443,49452
TCP,66,172.64.155.209,172.20.10.6,443,49452
TCP,66,172.64.155.209,172.20.10.6,443,49452
TCP,66,172.64.155.209,172.20.10.6,443,49452
TLS,471,172.64.155.209,172.20.10.6,443,49452
TLS,121,172.64.155.209,172.20.10.6,443,49452
TLS,97,172.64.155.209,172.20.10.6,443,49452
TCP,66,172.20.10.6,172.64.155.209,49452,443
TLS,90,172.64.148.235,172.20.10.6,443,49479
TCP,66,172.20.10.6,172.64.148.235,49479,443
TLS,94,172.20.10.6,172.64.148.235,49479,443
TCP,66,172.64.148.235,172.20.10.6,443,49479
TCP,54,172.20.10.6,142.251.38.206,49464,443
TCP,66,142.251.38.206,172.20.10.6,443,49464
TLS,156,172.20.10.6,142.250.203.131,49462,443
TLS,105,172.20.10.6,142.250.203.131,49462,443
TCP,195,172.20.10.6,142.250.203.131,49462,443
TCP,195,172.20.10.6,142.250.203.131,49462,443
DATA,84,172.20.10.6,172.224.38.131,59741,443
MDNS,100,172.20.10.1,224.0.0.251,5353,5353
MDNS,120,,,5353,5353
MDNS,392,172.20.10.6,172.20.10.1,5353,5353
TCP,195,172.20.10.6,142.250.203.131,49462,443
TLS,138,142.250.203.131,172.20.10.6,443,49462
TLS,140,142.250.203.131,172.20.10.6,443,49462
TLS,97,142.250.203.131,172.20.10.6,443,49462
TLS,105,142.250.203.131,172.20.10.6,443,49462
TCP,105,142.250.203.131,172.20.10.6,443,49462
TCP,78,142.250.203.131,172.20.10.6,443,49462
TCP,321,142.250.203.131,172.20.10.6,443,49462
DATA,70,172.20.10.1,172.20.10.6,62191,49450
TCP,70,172.20.10.1,172.20.10.6,62191,49450
TCP,78,142.250.203.131,172.20.10.6,443,49462
TCP,70,172.20.10.1,172.20.10.6,62191,49450
TCP,321,142.250.203.131,172.20.10.6,443,49462
TLS,151,142.251.38.202,172.20.10.6,443,49474
TCP,70,172.20.10.1,172.20.10.6,62191,49450
TCP,78,172.20.10.6,142.250.203.131,49462,443
TCP,86,172.20.10.6,142.250.203.131,49462,443
TCP,78,172.20.10.6,142.250.203.131,49462,443
TCP,78,172.20.10.6,142.250.203.131,49462,443
TCP,66,172.20.10.6,172.20.10.1,49450,62191
TCP,78,172.20.10.6,172.20.10.1,49450,62191
TCP,78,172.20.10.6,172.20.10.1,49450,62191
TCP,78,172.20.10.6,172.20.10.1,49450,62191
TCP,66,172.20.10.6,142.251.38.202,49474,443
TLS,105,172.20.10.6,142.250.203.131,49462,443
TLS,101,172.20.10.6,142.250.203.131,49462,443
TLS,101,172.20.10.6,142.251.38.202,49474,443
TLS,101,172.20.10.6,142.251.38.202,49474,443
TCP,66,142.251.38.202,172.20.10.6,443,49474
TCP,66,142.251.38.202,172.20.10.6,443,49474
TCP,66,142.250.203.131,172.20.10.6,443,49462
TCP,66,142.250.203.131,172.20.10.6,443,49462
MDNS,126,172.20.10.1,224.0.0.251,5353,5353
MDNS,146,,,5353,5353
TLS,90,172.20.10.6,2.17.116.133,58364,443
TCP,66,172.20.10.6,2.17.116.133,58364,443
DNS,90,172.20.10.6,172.20.10.1,51715,53
DNS,90,172.20.10.6,172.20.10.1,2181,53
TCP,90,172.20.10.6,2.17.116.133,58364,443
TCP,78,2.17.116.133,172.20.10.6,443,58364
TCP,66,2.17.116.133,172.20.10.6,443,58364
TLS,90,2.17.116.133,172.20.10.6,443,58364
TCP,66,2.17.116.133,172.20.10.6,443,58364
DNS,155,172.20.10.1,172.20.10.6,53,51715
DNS,197,172.20.10.1,172.20.10.6,53,2181
TCP,78,172.20.10.6,143.204.11.118,49486,443
TCP,54,2.17.116.133,172.20.10.6,443,58364
TCP,74,143.204.11.118,172.20.10.6,443,49486
TCP,66,172.20.10.6,143.204.11.118,49486,443
TLS,1464,172.20.10.6,143.204.11.118,49486,443
TLS,593,172.20.10.6,143.204.11.118,49486,443
TCP,66,143.204.11.118,172.20.10.6,443,49486
TCP,66,143.204.11.118,172.20.10.6,443,49486
TLS,1388,143.204.11.118,172.20.10.6,443,49486
TCP,66,172.20.10.6,143.204.11.118,49486,443
TLS,130,172.20.10.6,143.204.11.118,49486,443
TLS,158,172.20.10.6,143.204.11.118,49486,443
TLS,693,172.20.10.6,143.204.11.118,49486,443
TCP,66,143.204.11.118,172.20.10.6,443,49486
TLS,245,143.204.11.118,172.20.10.6,443,49486
TCP,66,172.20.10.6,143.204.11.118,49486,443
TLS,137,143.204.11.118,172.20.10.6,443,49486
TCP,66,172.20.10.6,143.204.11.118,49486,443
TLS,97,172.20.10.6,143.204.11.118,49486,443
TLS,433,143.204.11.118,172.20.10.6,443,49486
TCP,66,172.20.10.6,143.204.11.118,49486,443
TLS,101,172.20.10.6,143.204.11.118,49486,443
TCP,66,143.204.11.118,172.20.10.6,443,49486
TLS,105,44.213.197.16,172.20.10.6,443,49482
TLS,90,44.213.197.16,172.20.10.6,443,49482
TCP,66,172.20.10.6,44.213.197.16,49482,443
TCP,66,172.20.10.6,44.213.197.16,49482,443
TCP,66,44.213.197.16,172.20.10.6,443,49482
TCP,66,172.20.10.6,44.213.197.16,49482,443
TLS,105,13.107.226.44,172.20.10.6,443,58347
TLS,90,13.107.226.44,172.20.10.6,443,58347
TCP,66,13.107.226.44,172.20.10.6,443,58347
TCP,66,172.20.10.6,13.107.226.44,58347,443
TLS,105,172.20.10.6,13.107.226.44,58347,443
TLS,90,172.20.10.6,13.107.226.44,58347,443
TCP,66,172.20.10.6,13.107.226.44,58347,443
TCP,66,44.213.197.16,172.20.10.6,443,49482
TCP,78,13.107.226.44,172.20.10.6,443,58347
TCP,78,13.107.226.44,172.20.10.6,443,58347
TCP,78,13.107.226.44,172.20.10.6,443,58347
TCP,66,44.213.197.16,172.20.10.6,443,49482
TCP,66,172.20.10.6,44.213.197.16,49482,443
MDNS,126,172.20.10.1,224.0.0.251,5353,5353
MDNS,146,,,5353,5353
DATA,693,172.20.10.6,172.217.171.174,57878,443
TLS,1454,172.20.10.6,172.64.155.209,49452,443
TCP,1454,172.20.10.6,172.64.155.209,49452,443
TCP,1454,172.20.10.6,172.64.155.209,49452,443
TCP,1454,172.20.10.6,172.64.155.209,49452,443
TCP,1454,172.20.10.6,172.64.155.209,49452,443
TCP,1454,172.20.10.6,172.64.155.209,49452,443
TCP,1454,172.20.10.6,172.64.155.209,49452,443
TCP,1454,172.20.10.6,172.64.155.209,49452,443
TCP,1454,172.20.10.6,172.64.155.209,49452,443
TCP,1454,172.20.10.6,172.64.155.209,49452,443
TCP,1454,172.20.10.6,172.64.155.209,49452,443
TLS,1204,172.20.10.6,172.64.155.209,49452,443
TLS,353,172.20.10.6,172.64.155.209,49452,443
DATA,1288,172.20.10.6,172.217.171.174,57878,443
DATA,1292,172.20.10.6,172.217.171.174,57878,443
DATA,1292,172.20.10.6,172.217.171.174,57878,443
DATA,1014,172.20.10.6,172.217.171.174,57878,443
TCP,66,172.64.155.209,172.20.10.6,443,49452
TCP,66,172.64.155.209,172.20.10.6,443,49452
TCP,66,172.64.155.209,172.20.10.6,443,49452
TCP,66,172.64.155.209,172.20.10.6,443,49452
TCP,66,172.64.155.209,172.20.10.6,443,49452
TCP,66,172.64.155.209,172.20.10.6,443,49452
TCP,66,172.64.155.209,172.20.10.6,443,49452
TCP,66,172.64.155.209,172.20.10.6,443,49452
TCP,66,172.64.155.209,172.20.10.6,443,49452
TCP,66,172.64.155.209,172.20.10.6,443,49452
TCP,66,172.64.155.209,172.20.10.6,443,49452
TCP,66,172.64.155.209,172.20.10.6,443,49452
TCP,66,172.64.155.209,172.20.10.6,443,49452
DATA,70,172.217.171.174,172.20.10.6,443,57878
DATA,65,172.217.171.174,172.20.10.6,443,57878
DATA,66,172.217.171.174,172.20.10.6,443,57878
DATA,74,172.20.10.6,172.217.171.174,57878,443
DATA,713,172.217.171.174,172.20.10.6,443,57878
DATA,273,172.217.171.174,172.20.10.6,443,57878
DATA,77,172.20.10.6,172.217.171.174,57878,443
DATA,664,172.217.171.174,172.20.10.6,443,57878
DATA,213,172.217.171.174,172.20.10.6,443,57878
DATA,77,172.20.10.6,172.217.171.174,57878,443
DATA,65,172.217.171.174,172.20.10.6,443,57878
TLS,400,172.64.155.209,172.20.10.6,443,49452
TCP,66,172.20.10.6,172.64.155.209,49452,443
TLS,112,172.64.155.209,172.20.10.6,443,49452
TLS,97,172.64.155.209,172.20.10.6,443,49452
TCP,66,172.20.10.6,172.64.155.209,49452,443
TLS,101,172.20.10.6,172.64.155.209,49452,443
TCP,66,172.64.155.209,172.20.10.6,443,49452
TLS,90,17.8.136.52,172.20.10.6,443,58366
TCP,66,17.8.136.52,172.20.10.6,443,58366
TLS,90,17.8.136.52,172.20.10.6,443,58365
TCP,66,17.8.136.52,172.20.10.6,443,58365
TCP,66,172.20.10.6,17.8.136.52,58366,443
TCP,66,172.20.10.6,17.8.136.52,58365,443
TLS,90,172.20.10.6,17.8.136.52,58366,443
TLS,90,172.20.10.6,17.8.136.52,58365,443
TCP,66,172.20.10.6,17.8.136.52,58366,443
TCP,66,172.20.10.6,17.8.136.52,58365,443
TCP,66,17.8.136.52,172.20.10.6,443,58365
TCP,66,172.20.10.6,17.8.136.52,58365,443
TCP,66,17.8.136.52,172.20.10.6,443,58366
TCP,66,172.20.10.6,17.8.136.52,58366,443
TCP,54,17.8.136.52,172.20.10.6,443,58366
TCP,54,17.8.136.52,172.20.10.6,443,58366
TCP,54,17.8.136.52,172.20.10.6,443,58365
TCP,54,17.8.136.52,172.20.10.6,443,58365
DNS,86,172.20.10.6,172.20.10.1,14247,53
DNS,86,172.20.10.6,172.20.10.1,27134,53
DATA,1132,172.20.10.6,172.217.171.174,57878,443
DATA,1286,172.20.10.6,172.217.171.174,57878,443
DATA,630,172.20.10.6,172.217.171.174,57878,443
DNS,136,172.20.10.1,172.20.10.6,53,14247
DNS,102,172.20.10.1,172.20.10.6,53,27134
TLS,1464,172.20.10.6,142.251.38.202,49474,443
TLS,1455,172.20.10.6,142.251.38.202,49474,443
TLS,1464,172.20.10.6,142.251.38.202,49474,443
TLS,649,172.20.10.6,142.251.38.202,49474,443
DATA,70,172.217.171.174,172.20.10.6,443,57878
DATA,66,172.217.171.174,172.20.10.6,443,57878
DATA,74,172.20.10.6,172.217.171.174,57878,443
TCP,66,142.251.38.202,172.20.10.6,443,49474
TCP,66,142.251.38.202,172.20.10.6,443,49474
TCP,66,142.251.38.202,172.20.10.6,443,49474
TCP,66,142.251.38.202,172.20.10.6,443,49474
DATA,717,172.217.171.174,172.20.10.6,443,57878
DATA,278,172.217.171.174,172.20.10.6,443,57878
DATA,665,172.217.171.174,172.20.10.6,443,57878
DATA,77,172.20.10.6,172.217.171.174,57878,443
DATA,107,172.217.171.174,172.20.10.6,443,57878
DATA,77,172.20.10.6,172.217.171.174,57878,443
DATA,65,172.217.171.174,172.20.10.6,443,57878
TLS,1102,142.251.38.202,172.20.10.6,443,49474
TLS,274,142.251.38.202,172.20.10.6,443,49474
TCP,66,172.20.10.6,142.251.38.202,49474,443
TLS,97,142.251.38.202,172.20.10.6,443,49474
TLS,105,142.251.38.202,172.20.10.6,443,49474
TCP,66,172.20.10.6,142.251.38.202,49474,443
TLS,105,172.20.10.6,142.251.38.202,49474,443
TCP,66,142.251.38.202,172.20.10.6,443,49474
TLS,151,142.251.38.202,172.20.10.6,443,49474
TCP,66,172.20.10.6,142.251.38.202,49474,443
TLS,101,172.20.10.6,142.251.38.202,49474,443
TLS,101,172.20.10.6,142.251.38.202,49474,443
TCP,66,142.251.38.202,172.20.10.6,443,49474
TCP,66,142.251.38.202,172.20.10.6,443,49474
TLS,156,172.20.10.6,142.250.203.131,49460,443
TLS,105,172.20.10.6,142.250.203.131,49460,443
TCP,66,142.250.203.131,172.20.10.6,443,49460
TCP,66,142.250.203.131,172.20.10.6,443,49460
TLS,105,142.250.203.131,172.20.10.6,443,49460
TCP,66,172.20.10.6,142.250.203.131,49460,443
TLS,161,142.250.203.131,172.20.10.6,443,49460
TLS,140,142.250.203.131,172.20.10.6,443,49460
TCP,66,172.20.10.6,142.250.203.131,49460,443
TLS,101,172.20.10.6,142.250.203.131,49460,443
TLS,97,142.250.203.131,172.20.10.6,443,49460
TLS,105,142.250.203.131,172.20.10.6,443,49460
TCP,66,172.20.10.6,142.250.203.131,49460,443
TLS,105,172.20.10.6,142.250.203.131,49460,443
TCP,66,142.250.203.131,172.20.10.6,443,49460
TCP,66,142.250.203.131,172.20.10.6,443,49460
DNS,79,172.20.10.6,172.20.10.1,33806,53
DNS,79,172.20.10.6,172.20.10.1,56596,53
QUIC,1292,172.20.10.6,35.190.80.1,54635,443
QUIC,1292,172.20.10.6,35.190.80.1,54635,443
DNS,129,172.20.10.1,172.20.10.6,53,33806
DNS,95,172.20.10.1,172.20.10.6,53,56596
TCP,78,172.20.10.6,142.251.127.84,49487,443
TCP,78,172.20.10.6,35.190.80.1,49488,443
QUIC,1292,172.20.10.6,35.190.80.1,54635,443
QUIC,82,35.190.80.1,172.20.10.6,443,54635
QUIC,1292,35.190.80.1,172.20.10.6,443,54635
QUIC,1292,35.190.80.1,172.20.10.6,443,54635
TCP,74,142.251.127.84,172.20.10.6,443,49487
TCP,66,172.20.10.6,142.251.127.84,49487,443
QUIC,211,172.20.10.6,35.190.80.1,54635,443
TLS,1464,172.20.10.6,142.251.127.84,49487,443
TLS,920,172.20.10.6,142.251.127.84,49487,443
QUIC,398,172.20.10.6,35.190.80.1,54635,443
TCP,66,142.251.127.84,172.20.10.6,443,49487
TCP,66,142.251.127.84,172.20.10.6,443,49487
QUIC,1292,35.190.80.1,172.20.10.6,443,54635
QUIC,626,35.190.80.1,172.20.10.6,443,54635
QUIC,164,35.190.80.1,172.20.10.6,443,54635
QUIC,213,172.20.10.6,35.190.80.1,54635,443
QUIC,75,172.20.10.6,35.190.80.1,54635,443
QUIC,75,172.20.10.6,35.190.80.1,54635,443
QUIC,69,35.190.80.1,172.20.10.6,443,54635
QUIC,73,172.20.10.6,35.190.80.1,54635,443
TLS,1464,142.251.127.84,172.20.10.6,443,49487
TLS,136,142.251.127.84,172.20.10.6,443,49487
TCP,66,172.20.10.6,142.251.127.84,49487,443
TLS,140,172.20.10.6,142.251.127.84,49487,443
TLS,158,172.20.10.6,142.251.127.84,49487,443
TLS,1464,172.20.10.6,142.251.127.84,49487,443
TCP,1464,172.20.10.6,142.251.127.84,49487,443
TLS,1413,172.20.10.6,142.251.127.84,49487,443
TLS,123,172.20.10.6,142.251.127.84,49487,443
QUIC,67,35.190.80.1,172.20.10.6,443,54635
TLS,1034,142.251.127.84,172.20.10.6,443,49487
TCP,66,172.20.10.6,142.251.127.84,49487,443
TLS,97,172.20.10.6,142.251.127.84,49487,443
TLS,97,142.251.127.84,172.20.10.6,443,49487
TCP,66,172.20.10.6,142.251.127.84,49487,443
TCP,66,142.251.127.84,172.20.10.6,443,49487
TCP,66,142.251.127.84,172.20.10.6,443,49487
TCP,66,142.251.127.84,172.20.10.6,443,49487
QUIC,217,35.190.80.1,172.20.10.6,443,54635
QUIC,630,172.20.10.6,35.190.80.1,54635,443
TLS,1464,142.251.127.84,172.20.10.6,443,49487
TCP,66,172.20.10.6,142.251.127.84,49487,443
TLS,286,142.251.127.84,172.20.10.6,443,49487
TLS,221,142.251.127.84,172.20.10.6,443,49487
TLS,308,142.251.127.84,172.20.10.6,443,49487
TLS,97,142.251.127.84,172.20.10.6,443,49487
TLS,105,142.251.127.84,172.20.10.6,443,49487
TCP,66,172.20.10.6,142.251.127.84,49487,443
TLS,105,172.20.10.6,142.251.127.84,49487,443
TCP,66,142.251.127.84,172.20.10.6,443,49487
QUIC,70,35.190.80.1,172.20.10.6,443,54635
QUIC,74,172.20.10.6,35.190.80.1,54635,443
QUIC,109,35.190.80.1,172.20.10.6,443,54635
QUIC,78,172.20.10.6,35.190.80.1,54635,443
TLS,91,20.215.185.179,172.20.10.6,443,49465
TCP,66,172.20.10.6,20.215.185.179,49465,443
TLS,95,172.20.10.6,20.215.185.179,49465,443
QUIC,66,35.190.80.1,172.20.10.6,443,54635
TCP,66,20.215.185.179,172.20.10.6,443,49465
DATA,1286,172.20.10.6,172.217.171.174,57878,443
DATA,1292,172.20.10.6,172.217.171.174,57878,443
DATA,1292,172.20.10.6,172.217.171.174,57878,443
DATA,1292,172.20.10.6,172.217.171.174,57878,443
DATA,1292,172.20.10.6,172.217.171.174,57878,443
DATA,171,172.20.10.6,172.217.171.174,57878,443
DATA,69,172.217.171.174,172.20.10.6,443,57878
DATA,65,172.217.171.174,172.20.10.6,443,57878
DATA,65,172.217.171.174,172.20.10.6,443,57878
DATA,74,172.20.10.6,172.217.171.174,57878,443
TCP,78,172.20.10.6,35.190.80.1,49488,443
DATA,715,172.217.171.174,172.20.10.6,443,57878
DATA,235,172.217.171.174,172.20.10.6,443,57878
DATA,77,172.20.10.6,172.217.171.174,57878,443
TCP,74,35.190.80.1,172.20.10.6,443,49488
TCP,66,172.20.10.6,35.190.80.1,49488,443
TLS,1464,172.20.10.6,35.190.80.1,49488,443
TLS,786,172.20.10.6,35.190.80.1,49488,443
DATA,66,172.217.171.174,172.20.10.6,443,57878
TCP,66,35.190.80.1,172.20.10.6,443,49488
TCP,66,35.190.80.1,172.20.10.6,443,49488
TLS,278,35.190.80.1,172.20.10.6,443,49488
TCP,66,172.20.10.6,35.190.80.1,49488,443
TLS,130,172.20.10.6,35.190.80.1,49488,443
TLS,684,35.190.80.1,172.20.10.6,443,49488
TCP,66,172.20.10.6,35.190.80.1,49488,443
TLS,1464,172.20.10.6,142.251.38.202,49474,443
TLS,1457,172.20.10.6,142.251.38.202,49474,443
TLS,1464,172.20.10.6,142.251.38.202,49474,443
TLS,673,172.20.10.6,142.251.38.202,49474,443
DATA,1127,172.20.10.6,172.217.171.174,57878,443
DATA,1286,172.20.10.6,172.217.171.174,57878,443
DATA,660,172.20.10.6,172.217.171.174,57878,443
TCP,66,142.251.38.202,172.20.10.6,443,49474
TCP,66,142.251.38.202,172.20.10.6,443,49474
TCP,66,142.251.38.202,172.20.10.6,443,49474
TCP,66,142.251.38.202,172.20.10.6,443,49474
DATA,70,172.217.171.174,172.20.10.6,443,57878
DATA,66,172.217.171.174,172.20.10.6,443,57878
TLS,1055,142.251.38.202,172.20.10.6,443,49474
TCP,66,172.20.10.6,142.251.38.202,49474,443
TLS,355,142.251.38.202,172.20.10.6,443,49474
TLS,97,142.251.38.202,172.20.10.6,443,49474
TCP,66,172.20.10.6,142.251.38.202,49474,443
TLS,105,142.251.38.202,172.20.10.6,443,49474
TCP,66,172.20.10.6,142.251.38.202,49474,443
TLS,105,172.20.10.6,142.251.38.202,49474,443
DATA,74,172.20.10.6,172.217.171.174,57878,443
DATA,712,172.217.171.174,172.20.10.6,443,57878
DATA,163,172.217.171.174,172.20.10.6,443,57878
DATA,77,172.20.10.6,172.217.171.174,57878,443
DATA,668,172.217.171.174,172.20.10.6,443,57878
DATA,196,172.217.171.174,172.20.10.6,443,57878
DATA,78,172.20.10.6,172.217.171.174,57878,443
TCP,66,142.251.38.202,172.20.10.6,443,49474
DATA,65,172.217.171.174,172.20.10.6,443,57878
TLS,90,17.171.47.23,172.20.10.6,443,58370
TCP,66,17.171.47.23,172.20.10.6,443,58370
TCP,66,172.20.10.6,17.171.47.23,58370,443
TLS,90,172.20.10.6,17.171.47.23,58370,443
TCP,66,172.20.10.6,17.171.47.23,58370,443
DATA,1195,172.20.10.6,172.217.171.174,57878,443
DATA,71,172.217.171.174,172.20.10.6,443,57878
DATA,719,172.217.171.174,172.20.10.6,443,57878
DATA,78,172.20.10.6,172.217.171.174,57878,443
DATA,75,172.217.171.174,172.20.10.6,443,57878
TCP,54,17.171.47.23,172.20.10.6,443,58370
TCP,54,17.171.47.23,172.20.10.6,443,58370
DATA,75,172.20.10.6,172.217.171.174,57878,443
DATA,67,172.217.171.174,172.20.10.6,443,57878
DATA,64,172.217.171.174,172.20.10.6,443,57878
DATA,76,172.20.10.6,172.217.171.174,57878,443
TLS,151,142.251.38.202,172.20.10.6,443,49474
TCP,66,172.20.10.6,142.251.38.202,49474,443
TLS,101,172.20.10.6,142.251.38.202,49474,443
TLS,101,172.20.10.6,142.251.38.202,49474,443
TCP,66,142.251.38.202,172.20.10.6,443,49474
TCP,66,142.251.38.202,172.20.10.6,443,49474
MDNS,126,172.20.10.1,224.0.0.251,5353,5353
MDNS,146,,,5353,5353
TCP,54,172.20.10.6,204.236.247.198,49476,443
TCP,66,204.236.247.198,172.20.10.6,443,49476
TCP,54,172.20.10.6,66.102.1.188,49455,5228
TCP,66,66.102.1.188,172.20.10.6,5228,49455
TLS,1464,172.20.10.6,142.250.203.142,49466,443
TCP,1464,172.20.10.6,142.250.203.142,49466,443
TLS,1038,172.20.10.6,142.250.203.142,49466,443
TLS,105,172.20.10.6,142.250.203.142,49466,443
TLS,109,172.20.10.6,142.250.203.142,49466,443
TCP,66,142.250.203.142,172.20.10.6,443,49466
TCP,66,142.250.203.142,172.20.10.6,443,49466
TCP,66,142.250.203.142,172.20.10.6,443,49466
TCP,66,142.250.203.142,172.20.10.6,443,49466
TCP,66,142.250.203.142,172.20.10.6,443,49466
TLS,105,142.250.203.142,172.20.10.6,443,49466
TCP,66,172.20.10.6,142.250.203.142,49466,443
TCP,54,172.20.10.6,142.251.140.67,49470,443
TLS,1028,142.250.203.142,172.20.10.6,443,49466
TCP,66,172.20.10.6,142.250.203.142,49466,443
TLS,204,142.250.203.142,172.20.10.6,443,49466
TLS,105,142.250.203.142,172.20.10.6,443,49466
TCP,66,172.20.10.6,142.250.203.142,49466,443
TLS,101,172.20.10.6,142.250.203.142,49466,443
TLS,105,172.20.10.6,142.250.203.142,49466,443
TCP,66,142.251.140.67,172.20.10.6,443,49470
TCP,66,142.250.203.142,172.20.10.6,443,49466
TCP,54,172.20.10.6,104.18.32.47,49457,443
TCP,66,104.18.32.47,172.20.10.6,443,49457
TCP,54,172.20.10.6,204.236.247.198,49467,443
TLS,1464,172.20.10.6,142.251.38.202,49474,443
TLS,1452,172.20.10.6,142.251.38.202,49474,443
TLS,1464,172.20.10.6,142.251.38.202,49474,443
TLS,599,172.20.10.6,142.251.38.202,49474,443
DATA,1153,172.20.10.6,172.217.171.174,57878,443
DATA,1286,172.20.10.6,172.217.171.174,57878,443
DATA,616,172.20.10.6,172.217.171.174,57878,443
TCP,66,204.236.247.198,172.20.10.6,443,49467
TCP,66,142.251.38.202,172.20.10.6,443,49474
TCP,66,142.251.38.202,172.20.10.6,443,49474
TCP,66,142.251.38.202,172.20.10.6,443,49474
TCP,66,142.251.38.202,172.20.10.6,443,49474
DATA,71,172.217.171.174,172.20.10.6,443,57878
DATA,67,172.217.171.174,172.20.10.6,443,57878
DATA,74,172.20.10.6,172.217.171.174,57878,443
TLS,1068,142.251.38.202,172.20.10.6,443,49474
TLS,232,142.251.38.202,172.20.10.6,443,49474
TCP,66,172.20.10.6,142.251.38.202,49474,443
TLS,101,172.20.10.6,142.251.38.202,49474,443
TLS,97,142.251.38.202,172.20.10.6,443,49474
TLS,105,142.251.38.202,172.20.10.6,443,49474
TCP,66,172.20.10.6,142.251.38.202,49474,443
TLS,105,172.20.10.6,142.251.38.202,49474,443
DATA,721,172.217.171.174,172.20.10.6,443,57878
DATA,298,172.217.171.174,172.20.10.6,443,57878
DATA,78,172.20.10.6,172.217.171.174,57878,443
DATA,674,172.217.171.174,172.20.10.6,443,57878
DATA,66,172.217.171.174,172.20.10.6,443,57878
DATA,78,172.20.10.6,172.217.171.174,57878,443
TCP,66,142.251.38.202,172.20.10.6,443,49474
DATA,66,172.217.171.174,172.20.10.6,443,57878
TLS,90,172.64.148.235,172.20.10.6,443,49479
TCP,66,172.20.10.6,172.64.148.235,49479,443
TLS,94,172.20.10.6,172.64.148.235,49479,443
TCP,66,172.64.148.235,172.20.10.6,443,49479
TCP,54,172.20.10.6,204.236.247.198,49468,443
TCP,66,204.236.247.198,172.20.10.6,443,49468
TLS,151,142.251.38.202,172.20.10.6,443,49474
TCP,66,172.20.10.6,142.251.38.202,49474,443
TLS,101,172.20.10.6,142.251.38.202,49474,443
TCP,66,142.251.38.202,172.20.10.6,443,49474
TLS,301,142.250.203.142,172.20.10.6,443,49466
TCP,66,172.20.10.6,142.250.203.142,49466,443
TLS,101,172.20.10.6,142.250.203.142,49466,443
TCP,66,142.250.203.142,172.20.10.6,443,49466
TCP,54,172.20.10.6,142.250.203.142,49485,443
TCP,66,142.250.203.142,172.20.10.6,443,49485
TCP,54,172.20.10.6,192.178.25.170,49475,443
TCP,66,192.178.25.170,172.20.10.6,443,49475
TLS,155,172.20.10.6,142.250.203.131,49460,443
TLS,105,172.20.10.6,142.250.203.131,49460,443
TLS,155,172.20.10.6,142.250.203.131,49460,443
TCP,66,142.250.203.131,172.20.10.6,443,49460
TCP,66,142.250.203.131,172.20.10.6,443,49460
TLS,105,142.250.203.131,172.20.10.6,443,49460
TCP,66,172.20.10.6,142.250.203.131,49460,443
TCP,66,142.250.203.131,172.20.10.6,443,49460
TLS,161,142.250.203.131,172.20.10.6,443,49460
TLS,140,142.250.203.131,172.20.10.6,443,49460
TCP,66,172.20.10.6,142.250.203.131,49460,443
TLS,97,142.250.203.131,172.20.10.6,443,49460
TLS,105,142.250.203.131,172.20.10.6,443,49460
TCP,66,172.20.10.6,142.250.203.131,49460,443
TLS,101,172.20.10.6,142.250.203.131,49460,443
TLS,105,172.20.10.6,142.250.203.131,49460,443
TLS,138,142.250.203.131,172.20.10.6,443,49460
TLS,140,142.250.203.131,172.20.10.6,443,49460
TLS,97,142.250.203.131,172.20.10.6,443,49460
TCP,66,172.20.10.6,142.250.203.131,49460,443
TCP,66,142.250.203.131,172.20.10.6,443,49460
TLS,151,142.251.38.202,172.20.10.6,443,49474
TCP,66,172.20.10.6,142.251.38.202,49474,443
TLS,101,172.20.10.6,142.251.38.202,49474,443
TLS,101,172.20.10.6,142.251.38.202,49474,443
TCP,66,142.251.38.202,172.20.10.6,443,49474
TCP,66,142.251.38.202,172.20.10.6,443,49474
TCP,54,172.20.10.6,172.217.23.42,49472,443
ARP,42,,,,
TCP,66,172.217.23.42,172.20.10.6,443,49472
ARP,42,,,,
TLS,156,172.20.10.6,142.250.203.131,49462,443
TLS,105,172.20.10.6,142.250.203.131,49462,443
TLS,219,20.215.185.179,172.20.10.6,443,49465
TCP,66,172.20.10.6,20.215.185.179,49465,443
TCP,66,142.250.203.131,172.20.10.6,443,49462
TCP,66,142.250.203.131,172.20.10.6,443,49462
TLS,105,142.250.203.131,172.20.10.6,443,49462
TCP,66,172.20.10.6,142.250.203.131,49462,443
TLS,138,142.250.203.131,172.20.10.6,443,49462
TLS,140,142.250.203.131,172.20.10.6,443,49462
TCP,66,172.20.10.6,142.250.203.131,49462,443
TLS,101,172.20.10.6,142.250.203.131,49462,443
TLS,97,142.250.203.131,172.20.10.6,443,49462
TCP,66,172.20.10.6,142.250.203.131,49462,443
TLS,105,142.250.203.131,172.20.10.6,443,49462
TCP,66,172.20.10.6,142.250.203.131,49462,443
TLS,105,172.20.10.6,142.250.203.131,49462,443
TCP,66,142.250.203.131,172.20.10.6,443,49462
TCP,54,172.20.10.6,142.251.140.67,49477,443
TCP,66,142.251.140.67,172.20.10.6,443,49477
TLS,105,172.20.10.6,2.20.245.179,58340,443
TLS,90,172.20.10.6,2.20.245.179,58340,443
TCP,66,172.20.10.6,2.20.245.179,58340,443
TLS,90,2.20.245.179,172.20.10.6,443,58340
TCP,66,2.20.245.179,172.20.10.6,443,58340
TCP,54,172.20.10.6,2.20.245.179,58340,443
TCP,54,172.20.10.6,2.20.245.179,58340,443
TCP,54,2.20.245.179,172.20.10.6,443,58340
TCP,54,2.20.245.179,172.20.10.6,443,58340
TCP,54,2.20.245.179,172.20.10.6,443,58340
TLS,105,172.20.10.6,104.102.51.201,58343,443
TLS,90,172.20.10.6,104.102.51.201,58343,443
TCP,66,172.20.10.6,104.102.51.201,58343,443
TLS,90,104.102.51.201,172.20.10.6,443,58343
TCP,66,104.102.51.201,172.20.10.6,443,58343
TCP,54,172.20.10.6,104.102.51.201,58343,443
TCP,54,172.20.10.6,104.102.51.201,58343,443
TLS,151,142.251.38.202,172.20.10.6,443,49474
TCP,66,172.20.10.6,142.251.38.202,49474,443
TLS,101,172.20.10.6,142.251.38.202,49474,443
TLS,101,172.20.10.6,142.251.38.202,49474,443
TCP,66,142.251.38.202,172.20.10.6,443,49474
TCP,66,142.251.38.202,172.20.10.6,443,49474
TCP,54,104.102.51.201,172.20.10.6,443,58343
TCP,54,104.102.51.201,172.20.10.6,443,58343
TLS,221,20.215.185.179,172.20.10.6,443,49465
TCP,66,172.20.10.6,20.215.185.179,49465,443
TLS,91,20.215.185.179,172.20.10.6,443,49465
TCP,66,172.20.10.6,20.215.185.179,49465,443
TLS,95,172.20.10.6,20.215.185.179,49465,443
TCP,66,20.215.185.179,172.20.10.6,443,49465
TCP,54,172.20.10.6,172.217.17.78,49456,443
TCP,66,172.217.17.78,172.20.10.6,443,49456
MDNS,117,172.20.10.6,224.0.0.251,5353,5353
MDNS,137,,,5353,5353
TLS,149,157.240.0.61,172.20.10.6,443,58331
TCP,149,157.240.0.61,172.20.10.6,443,58331
TCP,66,172.20.10.6,157.240.0.61,58331,443
TCP,78,172.20.10.6,157.240.0.61,58331,443
TLS,120,172.20.10.6,157.240.0.61,58331,443
TCP,66,157.240.0.61,172.20.10.6,443,58331
TCP,54,172.20.10.6,142.251.150.119,49469,443
TCP,66,142.251.150.119,172.20.10.6,443,49469
TLS,90,172.64.148.235,172.20.10.6,443,49479
TLS,269,157.240.0.61,172.20.10.6,443,58331
TCP,66,172.20.10.6,172.64.148.235,49479,443
TCP,66,172.20.10.6,157.240.0.61,58331,443
TLS,94,172.20.10.6,172.64.148.235,49479,443
TCP,66,172.64.148.235,172.20.10.6,443,49479
TLS,114,172.20.10.6,157.240.0.61,58331,443
TCP,66,157.240.0.61,172.20.10.6,443,58331
TCP,54,172.20.10.6,142.251.38.202,49473,443
TCP,66,142.251.38.202,172.20.10.6,443,49473
TLS,151,142.251.38.202,172.20.10.6,443,49474
TCP,66,172.20.10.6,142.251.38.202,49474,443
TLS,101,172.20.10.6,142.251.38.202,49474,443
TLS,101,172.20.10.6,142.251.38.202,49474,443
TCP,66,142.251.38.202,172.20.10.6,443,49474
TCP,66,142.251.38.202,172.20.10.6,443,49474
MDNS,126,172.20.10.1,224.0.0.251,5353,5353
MDNS,146,,,5353,5353
TLS,684,172.20.10.6,17.253.57.199,58369,443
TLS,1079,172.20.10.6,17.253.57.199,58369,443
TCP,54,52.178.17.235,172.20.10.6,443,58357
TCP,66,17.253.57.199,172.20.10.6,443,58369
TLS,439,17.253.57.199,172.20.10.6,443,58369
TCP,66,172.20.10.6,17.253.57.199,58369,443
TCP,54,172.20.10.6,142.251.38.206,49464,443
TLS,422,157.240.0.61,172.20.10.6,443,58331
TCP,66,172.20.10.6,157.240.0.61,58331,443
TCP,66,142.251.38.206,172.20.10.6,443,49464
TLS,116,172.20.10.6,157.240.0.61,58331,443
TCP,66,157.240.0.61,172.20.10.6,443,58331
TLS,218,142.250.203.142,172.20.10.6,443,49466
TCP,66,172.20.10.6,142.250.203.142,49466,443
TLS,101,172.20.10.6,142.250.203.142,49466,443
TLS,101,172.20.10.6,142.250.203.142,49466,443
TCP,66,142.250.203.142,172.20.10.6,443,49466
TCP,66,142.250.203.142,172.20.10.6,443,49466
TLS,156,172.20.10.6,172.64.148.235,49479,443
TLS,91,172.20.10.6,157.240.0.61,58331,443
TLS,117,172.20.10.6,157.240.0.61,58331,443
TCP,66,172.64.148.235,172.20.10.6,443,49479
TCP,66,157.240.0.61,172.20.10.6,443,58331
TCP,66,157.240.0.61,172.20.10.6,443,58331
TLS,145,172.64.148.235,172.20.10.6,443,49479
TCP,66,172.20.10.6,172.64.148.235,49479,443
TLS,120,157.240.0.61,172.20.10.6,443,58331
TLS,103,157.240.0.61,172.20.10.6,443,58331
TCP,66,172.20.10.6,157.240.0.61,58331,443
TLS,108,157.240.0.61,172.20.10.6,443,58331
TCP,66,172.20.10.6,157.240.0.61,58331,443
TLS,151,142.251.38.202,172.20.10.6,443,49474
TLS,422,157.240.0.61,172.20.10.6,443,58331
TCP,66,172.20.10.6,142.251.38.202,49474,443
TCP,66,172.20.10.6,157.240.0.61,58331,443
TLS,101,172.20.10.6,142.251.38.202,49474,443
TLS,101,172.20.10.6,142.251.38.202,49474,443
TCP,66,142.251.38.202,172.20.10.6,443,49474
TCP,66,142.251.38.202,172.20.10.6,443,49474
TLS,116,172.20.10.6,157.240.0.61,58331,443
TLS,117,172.20.10.6,157.240.0.61,58331,443
TCP,66,157.240.0.61,172.20.10.6,443,58331
TLS,120,157.240.0.61,172.20.10.6,443,58331
TCP,66,172.20.10.6,157.240.0.61,58331,443
TCP,54,172.20.10.6,143.204.11.118,49486,443
TCP,66,143.204.11.118,172.20.10.6,443,49486
TCP,54,172.20.10.6,172.64.155.209,49452,443
TCP,66,172.64.155.209,172.20.10.6,443,49452
TLS,122,172.20.10.6,157.240.0.61,58331,443
TLS,107,172.20.10.6,157.240.0.61,58331,443
TCP,66,157.240.0.61,172.20.10.6,443,58331
TLS,103,157.240.0.61,172.20.10.6,443,58331
TCP,66,172.20.10.6,157.240.0.61,58331,443
TLS,819,172.20.10.6,157.240.0.61,58331,443
TCP,819,172.20.10.6,157.240.0.61,58331,443
TLS,128,157.240.0.61,172.20.10.6,443,58331
TCP,66,172.20.10.6,157.240.0.61,58331,443
TCP,66,157.240.0.61,172.20.10.6,443,58331
ICMPV6,134,,,,
TLS,151,142.251.38.202,172.20.10.6,443,49474
TCP,66,172.20.10.6,142.251.38.202,49474,443
TLS,101,172.20.10.6,142.251.38.202,49474,443
TLS,101,172.20.10.6,142.251.38.202,49474,443
MDNS,100,172.20.10.1,224.0.0.251,5353,5353
MDNS,120,,,5353,5353
TCP,66,142.251.38.202,172.20.10.6,443,49474
TCP,66,142.251.38.202,172.20.10.6,443,49474
MDNS,392,172.20.10.6,172.20.10.1,5353,5353
DATA,70,172.20.10.1,172.20.10.6,62191,49450
TCP,66,172.20.10.6,172.20.10.1,49450,62191
TLS,124,157.240.0.61,172.20.10.6,443,58331
TCP,66,172.20.10.6,157.240.0.61,58331,443
TLS,126,157.240.0.61,172.20.10.6,443,58331
TCP,66,172.20.10.6,157.240.0.61,58331,443
TLS,118,172.20.10.6,157.240.0.61,58331,443
TLS,120,172.20.10.6,157.240.0.61,58331,443
TCP,66,157.240.0.61,172.20.10.6,443,58331
TCP,66,157.240.0.61,172.20.10.6,443,58331
TLS,156,172.20.10.6,172.64.148.235,49479,443
TCP,66,172.64.148.235,172.20.10.6,443,49479
TLS,145,172.64.148.235,172.20.10.6,443,49479
TCP,66,172.20.10.6,172.64.148.235,49479,443
TLS,124,157.240.0.61,172.20.10.6,443,58331
TCP,66,172.20.10.6,157.240.0.61,58331,443
TLS,117,172.20.10.6,157.240.0.61,58331,443
MDNS,126,172.20.10.1,224.0.0.251,5353,5353
MDNS,146,,,5353,5353
TCP,54,172.20.10.6,142.251.127.84,49487,443
TCP,66,157.240.0.61,172.20.10.6,443,58331
TCP,66,142.251.127.84,172.20.10.6,443,49487
TCP,54,172.20.10.6,35.190.80.1,49488,443
TCP,66,35.190.80.1,172.20.10.6,443,49488
TLS,107,172.20.10.6,157.240.0.61,58331,443
TCP,66,157.240.0.61,172.20.10.6,443,58331
MDNS,126,172.20.10.1,224.0.0.251,5353,5353
MDNS,146,,,5353,5353
TLS,108,157.240.0.61,172.20.10.6,443,58331
TLS,90,172.64.148.235,172.20.10.6,443,49479
TCP,108,157.240.0.61,172.20.10.6,443,58331
TCP,66,172.20.10.6,172.64.148.235,49479,443
TCP,66,172.20.10.6,157.240.0.61,58331,443
TCP,78,172.20.10.6,157.240.0.61,58331,443
TLS,94,172.20.10.6,172.64.148.235,49479,443
TCP,66,172.64.148.235,172.20.10.6,443,49479
TLS,91,172.20.10.6,157.240.0.61,58331,443
TCP,66,157.240.0.61,172.20.10.6,443,58331
TLS,406,157.240.0.61,172.20.10.6,443,58331
TCP,66,172.20.10.6,157.240.0.61,58331,443
TLS,116,172.20.10.6,157.240.0.61,58331,443
TLS,91,20.215.185.179,172.20.10.6,443,49465
TCP,66,172.20.10.6,20.215.185.179,49465,443
TLS,95,172.20.10.6,20.215.185.179,49465,443
TCP,54,172.20.10.6,204.236.247.198,49476,443
TCP,66,157.240.0.61,172.20.10.6,443,58331
TCP,66,20.215.185.179,172.20.10.6,443,49465
TCP,66,204.236.247.198,172.20.10.6,443,49476
TCP,54,172.20.10.6,66.102.1.188,49455,5228
TLS,151,142.251.38.202,172.20.10.6,443,49474
TCP,66,172.20.10.6,142.251.38.202,49474,443
TLS,101,172.20.10.6,142.251.38.202,49474,443
TLS,101,172.20.10.6,142.251.38.202,49474,443
TCP,66,142.251.38.202,172.20.10.6,443,49474
TCP,66,142.251.38.202,172.20.10.6,443,49474
TCP,66,66.102.1.188,172.20.10.6,5228,49455
TLS,140,157.240.0.61,172.20.10.6,443,58331
TCP,66,172.20.10.6,157.240.0.61,58331,443
TLS,119,172.20.10.6,157.240.0.61,58331,443
TCP,66,157.240.0.61,172.20.10.6,443,58331
TCP,54,172.20.10.6,142.251.140.67,49470,443
TCP,66,142.251.140.67,172.20.10.6,443,49470
TCP,54,172.20.10.6,104.18.32.47,49457,443
TCP,66,104.18.32.47,172.20.10.6,443,49457
TCP,54,172.20.10.6,204.236.247.198,49467,443
TCP,66,204.236.247.198,172.20.10.6,443,49467
TCP,54,172.20.10.6,204.236.247.198,49468,443
TCP,66,204.236.247.198,172.20.10.6,443,49468
TCP,54,172.20.10.6,142.250.203.142,49485,443
MDNS,126,172.20.10.1,224.0.0.251,5353,5353
MDNS,146,,,5353,5353
TCP,66,142.250.203.142,172.20.10.6,443,49485
TLS,151,142.251.38.202,172.20.10.6,443,49474
TCP,66,172.20.10.6,142.251.38.202,49474,443
TLS,101,172.20.10.6,142.251.38.202,49474,443
TLS,101,172.20.10.6,142.251.38.202,49474,443
TCP,66,142.251.38.202,172.20.10.6,443,49474
TCP,66,142.251.38.202,172.20.10.6,443,49474
TCP,54,172.20.10.6,192.178.25.170,49475,443
TCP,54,172.20.10.6,142.250.203.131,49460,443
TCP,66,192.178.25.170,172.20.10.6,443,49475
TCP,66,142.250.203.131,172.20.10.6,443,49460
TLS,156,172.20.10.6,142.250.203.131,49460,443
TLS,105,172.20.10.6,142.250.203.131,49460,443
TCP,66,142.250.203.131,172.20.10.6,443,49460
TCP,66,142.250.203.131,172.20.10.6,443,49460
TLS,105,142.250.203.131,172.20.10.6,443,49460
TCP,66,172.20.10.6,142.250.203.131,49460,443
TLS,161,142.250.203.131,172.20.10.6,443,49460
TLS,140,142.250.203.131,172.20.10.6,443,49460
TCP,66,172.20.10.6,142.250.203.131,49460,443
TLS,105,142.250.203.131,172.20.10.6,443,49460
TCP,66,172.20.10.6,142.250.203.131,49460,443
TLS,101,172.20.10.6,142.250.203.131,49460,443
TLS,105,172.20.10.6,142.250.203.131,49460,443
TCP,66,142.250.203.131,172.20.10.6,443,49460
TCP,66,142.250.203.131,172.20.10.6,443,49460
DNS,75,172.20.10.6,172.20.10.1,46181,53
DNS,75,172.20.10.6,172.20.10.1,61846,53
DNS,91,172.20.10.1,172.20.10.6,53,61846
DNS,125,172.20.10.1,172.20.10.6,53,46181
QUIC,1292,172.20.10.6,172.217.17.78,57523,443
QUIC,1292,172.20.10.6,172.217.17.78,57523,443
QUIC,121,172.20.10.6,172.217.17.78,57523,443
QUIC,82,172.217.17.78,172.20.10.6,443,57523
QUIC,1292,172.217.17.78,172.20.10.6,443,57523
QUIC,1292,172.217.17.78,172.20.10.6,443,57523
QUIC,327,172.217.17.78,172.20.10.6,443,57523
QUIC,120,172.20.10.6,172.217.17.78,57523,443
QUIC,1288,172.20.10.6,172.217.17.78,57523,443
QUIC,1292,172.20.10.6,172.217.17.78,57523,443
QUIC,616,172.20.10.6,172.217.17.78,57523,443
QUIC,436,172.20.10.6,172.217.17.78,57523,443
QUIC,672,172.217.17.78,172.20.10.6,443,57523
QUIC,67,172.217.17.78,172.20.10.6,443,57523
QUIC,74,172.20.10.6,172.217.17.78,57523,443
QUIC,162,172.217.17.78,172.20.10.6,443,57523
QUIC,67,172.217.17.78,172.20.10.6,443,57523
QUIC,67,172.217.17.78,172.20.10.6,443,57523
QUIC,67,172.217.17.78,172.20.10.6,443,57523
QUIC,71,172.217.17.78,172.20.10.6,443,57523
QUIC,73,172.20.10.6,172.217.17.78,57523,443
QUIC,887,172.217.17.78,172.20.10.6,443,57523
QUIC,181,172.217.17.78,172.20.10.6,443,57523
QUIC,77,172.20.10.6,172.217.17.78,57523,443
QUIC,66,172.217.17.78,172.20.10.6,443,57523
TLS,151,142.251.38.202,172.20.10.6,443,49474
TCP,66,172.20.10.6,142.251.38.202,49474,443
TLS,101,172.20.10.6,142.251.38.202,49474,443
TLS,101,172.20.10.6,142.251.38.202,49474,443
TCP,66,142.251.38.202,172.20.10.6,443,49474
TCP,66,142.251.38.202,172.20.10.6,443,49474
TLS,116,142.250.203.142,172.20.10.6,443,49466
TCP,66,172.20.10.6,142.250.203.142,49466,443
TLS,101,172.20.10.6,142.250.203.142,49466,443
TLS,101,172.20.10.6,142.250.203.142,49466,443
TCP,66,142.250.203.142,172.20.10.6,443,49466
TCP,66,142.250.203.142,172.20.10.6,443,49466
TCP,54,172.20.10.6,172.217.23.42,49472,443
TCP,66,172.217.23.42,172.20.10.6,443,49472
TLS,139,142.251.140.67,172.20.10.6,443,49470
TCP,66,172.20.10.6,142.251.140.67,49470,443
TCP,66,172.20.10.6,142.251.140.67,49470,443
TCP,66,142.251.140.67,172.20.10.6,443,49470
TCP,66,172.20.10.6,142.251.140.67,49470,443
